id,first_name,last_name,email,gender,ip_address
1,Adamo,Rycraft,arycraft0@alibaba.com,Male,82.81.150.227
2,Ronald,Bunstone,rbunstone1@com.com,Male,204.53.254.54
3,Jandy,Marcroft,jmarcroft2@phpbb.com,Female,118.111.61.235
4,Cyndia,Benck,cbenck3@tuttocitta.it,Female,75.124.22.80
5,Bessie,Jotcham,bjotcham4@dell.com,Female,161.39.178.193
6,Floyd,McNern,fmcnern5@pagesperso-orange.fr,Male,186.231.169.46
7,Ruthe,Camplejohn,rcamplejohn6@yolasite.com,Female,45.251.143.113
8,Tymothy,Goldberg,tgoldberg7@exblog.jp,Male,48.244.96.61
9,Huntlee,Duffer,hduffer8@nps.gov,Male,209.149.32.210
10,Tasha,Dall,tdall9@xrea.com,Female,248.195.69.218
11,Inglebert,Raunds,iraundsa@cyberchimps.com,Male,19.37.186.36
12,Chaim,Harlowe,charloweb@hexun.com,Male,98.129.16.9
13,Ryan,Tremoulet,rtremouletc@com.com,Male,179.120.40.27
14,Trevar,Lissenden,tlissendend@si.edu,Male,243.32.52.128
15,Kerry,Lynes,klynese@diigo.com,Female,34.119.217.175
16,Ernestine,Mungham,emunghamf@vkontakte.ru,Female,154.171.198.64
17,Bettye,Furphy,bfurphyg@vk.com,Agender,56.51.28.88
18,Hewitt,Monsey,hmonseyh@google.nl,Male,172.16.213.137
19,Jamill,Castagneto,jcastagnetoi@friendfeed.com,Male,155.241.100.54
20,Marylynne,Jewel,mjewelj@altervista.org,Female,223.89.4.94
21,Marjy,Crips,mcripsk@comcast.net,Female,153.231.75.1
22,Robers,Heatlie,rheatliel@stumbleupon.com,Male,212.70.32.194
23,Kathe,Morteo,kmorteom@walmart.com,Female,7.222.26.15
24,Gilberta,Callway,gcallwayn@telegraph.co.uk,Female,72.147.82.122
25,Hestia,Pechacek,hpechaceko@paginegialle.it,Female,196.200.62.227
26,Leigh,Choules,lchoulesp@homestead.com,Female,67.103.206.55
27,Gannie,Danilovitch,gdanilovitchq@google.es,Male,93.40.186.160
28,Biron,Mariel,bmarielr@engadget.com,Male,105.81.38.169
29,Myca,Horbart,mhorbarts@imdb.com,Male,103.164.217.71
30,Aldridge,Cake,acaket@opensource.org,Male,118.182.5.120
31,Clerc,Mulgrew,cmulgrewu@smh.com.au,Male,17.136.114.38
32,Morganne,Jaukovic,mjaukovicv@instagram.com,Female,80.67.21.31
33,Jolynn,McCathy,jmccathyw@utexas.edu,Female,211.152.194.84
34,Devonne,Stambridge,dstambridgex@cisco.com,Bigender,241.95.150.103
35,Sabina,Greenhill,sgreenhilly@spotify.com,Female,175.68.5.217
36,Saxe,Raft,sraftz@state.gov,Male,166.27.162.75
37,Theodor,Peert,tpeert10@kickstarter.com,Male,119.248.156.155
38,Delmer,Caltera,dcaltera11@vk.com,Male,115.110.105.178
39,Lillis,McGillivrie,lmcgillivrie12@vk.com,Female,30.58.70.39
40,Maynard,Franca,mfranca13@arizona.edu,Male,185.1.192.16
41,Rona,McKevany,rmckevany14@cdbaby.com,Female,136.64.248.55
42,Earvin,Guilder,eguilder15@flavors.me,Male,83.20.121.63
43,Warde,Rosenbarg,wrosenbarg16@eventbrite.com,Male,93.161.93.9
44,Niki,Grinaway,ngrinaway17@who.int,Male,246.196.97.18
45,Beret,Cluely,bcluely18@msu.edu,Genderfluid,75.139.3.176
46,Cornie,Denney,cdenney19@facebook.com,Female,185.140.21.127
47,Malanie,Tasseler,mtasseler1a@lycos.com,Female,142.225.108.98
48,Marlow,Iddiens,middiens1b@technorati.com,Male,208.152.92.248
49,Ines,Wolfit,iwolfit1c@hp.com,Female,58.47.2.137
50,Bernie,Lynnett,blynnett1d@webeden.co.uk,Male,76.155.121.65
51,Jeanette,Chansonne,jchansonne1e@goo.ne.jp,Polygender,80.13.98.53
52,Theo,Gerriets,tgerriets1f@nymag.com,Female,35.195.20.164
53,Court,Harse,charse1g@wikipedia.org,Polygender,189.65.130.229
54,Lilas,Headan,lheadan1h@java.com,Female,114.111.29.56
55,Kimball,Bazeley,kbazeley1i@springer.com,Male,155.11.72.10
56,Keelby,Coger,kcoger1j@auda.org.au,Male,32.3.210.108
57,Minda,Fassbender,mfassbender1k@spiegel.de,Female,160.1.222.60
58,Milli,Fronzek,mfronzek1l@myspace.com,Female,91.177.225.55
59,Worthington,Deary,wdeary1m@ehow.com,Male,209.150.235.17
60,Christoper,Skakunas,cskakunas1n@princeton.edu,Male,242.40.83.204
61,Griffin,Westlake,gwestlake1o@printfriendly.com,Male,51.209.148.72
62,Sydel,Spiteri,sspiteri1p@youtu.be,Female,131.111.122.221
63,Marcela,Crossfeld,mcrossfeld1q@amazon.co.uk,Female,94.48.146.146
64,Carolyne,Chree,cchree1r@forbes.com,Female,211.84.186.208
65,Dianemarie,Aaronsohn,daaronsohn1s@reddit.com,Female,48.234.110.27
66,Dorry,Laden,dladen1t@nba.com,Agender,84.107.50.129
67,Marthe,Pikett,mpikett1u@amazonaws.com,Female,229.154.68.122
68,Fae,Quince,fquince1v@go.com,Female,19.187.209.152
69,Christean,Musso,cmusso1w@shop-pro.jp,Agender,222.114.38.217
70,Rachael,Pitney,rpitney1x@buzzfeed.com,Female,186.130.18.135
71,Glendon,Bulward,gbulward1y@ning.com,Male,205.17.55.34
72,Rafaellle,Repp,rrepp1z@soup.io,Male,76.21.53.125
73,Sam,Hawgood,shawgood20@tiny.cc,Genderqueer,109.41.90.153
74,Melonie,Friedlos,mfriedlos21@unicef.org,Female,232.107.39.86
75,Berrie,Sixsmith,bsixsmith22@google.es,Female,116.151.113.49
76,Saxe,Benard,sbenard23@accuweather.com,Male,204.48.15.173
77,Malcolm,Bulley,mbulley24@woothemes.com,Male,43.194.2.199
78,Lil,Rix,lrix25@sogou.com,Female,161.229.199.245
79,Sadella,Itzhaki,sitzhaki26@hibu.com,Female,105.213.194.6
80,Hyacinthe,Dumpleton,hdumpleton27@ibm.com,Female,23.97.89.4
81,Vikki,Chaster,vchaster28@shop-pro.jp,Female,42.78.55.123
82,Melisenda,Flucker,mflucker29@skyrock.com,Female,21.106.39.233
83,Odey,Stredwick,ostredwick2a@1688.com,Male,147.171.191.206
84,Jase,Safont,jsafont2b@google.com,Non-binary,4.160.169.152
85,Trey,Purple,tpurple2c@weibo.com,Male,79.220.107.197
86,Ramon,Izaks,rizaks2d@goo.gl,Male,220.138.74.118
87,Flinn,Iban,fiban2e@de.vu,Male,149.57.62.105
88,Dorelle,Grenfell,dgrenfell2f@jigsy.com,Female,27.63.130.32
89,Merle,Tooby,mtooby2g@webnode.com,Female,201.250.77.218
90,Rad,Robillard,rrobillard2h@eepurl.com,Polygender,50.99.88.109
91,Eula,Embra,eembra2i@issuu.com,Female,243.131.141.148
92,Garrik,Hassekl,ghassekl2j@webnode.com,Male,116.251.218.208
93,Kirby,Kamiyama,kkamiyama2k@goo.gl,Female,165.231.192.134
94,Bentlee,Emanueli,bemanueli2l@quantcast.com,Male,51.151.34.20
95,Ronny,Leftridge,rleftridge2m@istockphoto.com,Male,108.140.32.81
96,Warde,Bouldstridge,wbouldstridge2n@storify.com,Male,95.213.216.164
97,Leo,Jervois,ljervois2o@accuweather.com,Male,147.229.197.137
98,Fawne,Howsego,fhowsego2p@canalblog.com,Female,94.140.187.115
99,Goran,Darthe,gdarthe2q@quantcast.com,Genderqueer,154.250.11.218
100,Rob,Betteney,rbetteney2r@sciencedirect.com,Genderqueer,31.218.231.96
101,Leontine,Goullee,lgoullee2s@storify.com,Female,52.40.67.50
102,Jereme,Cavey,jcavey2t@si.edu,Male,210.159.92.2
103,Benedict,MacCaughey,bmaccaughey2u@china.com.cn,Male,29.239.53.127
104,Angelle,Capnerhurst,acapnerhurst2v@forbes.com,Female,149.154.32.62
105,Floris,Dukelow,fdukelow2w@example.com,Female,95.245.92.171
106,Sheff,Yerbury,syerbury2x@mediafire.com,Male,22.130.173.185
107,Joelie,Yacobsohn,jyacobsohn2y@gnu.org,Female,237.228.101.140
108,Reiko,Cattroll,rcattroll2z@multiply.com,Female,230.93.141.176
109,Dall,Camblin,dcamblin30@bloomberg.com,Male,69.217.225.252
110,Jim,Scough,jscough31@wikimedia.org,Male,127.57.96.211
111,Rene,Torel,rtorel32@noaa.gov,Female,126.26.152.98
112,Melony,Carden,mcarden33@google.com.br,Female,58.119.1.232
113,Gilli,Raccio,graccio34@unicef.org,Female,133.207.231.127
114,Jonah,Lovelady,jlovelady35@cbc.ca,Male,221.40.125.201
115,Evelin,Le Merchant,elemerchant36@a8.net,Male,167.148.15.193
116,Marietta,Smethurst,msmethurst37@liveinternet.ru,Male,23.57.55.77
117,Rozele,Aizic,raizic38@usatoday.com,Female,11.53.6.233
118,Biddie,Blunsden,bblunsden39@blogs.com,Polygender,57.132.47.126
119,Blakeley,Donson,bdonson3a@webs.com,Female,123.244.209.211
120,Marietta,Castiglioni,mcastiglioni3b@sfgate.com,Female,238.53.142.6
121,Lacee,Melsom,lmelsom3c@imageshack.us,Female,18.58.17.18
122,Harley,Thickens,hthickens3d@state.tx.us,Female,68.226.9.92
123,Hermina,Rigglesford,hrigglesford3e@usnews.com,Female,182.223.45.16
124,Herminia,Paddon,hpaddon3f@harvard.edu,Female,119.121.195.87
125,Christie,Goffe,cgoffe3g@umich.edu,Female,230.250.150.81
126,Theodoric,Corbould,tcorbould3h@salon.com,Male,50.39.171.86
127,Ardine,Ericssen,aericssen3i@oaic.gov.au,Agender,57.115.10.29
128,Massimo,Wymer,mwymer3j@cargocollective.com,Male,95.154.66.160
129,Fabe,Harce,fharce3k@people.com.cn,Male,143.216.231.145
130,Blanche,Tidmas,btidmas3l@digg.com,Female,232.67.178.52
131,Joelie,Spaxman,jspaxman3m@technorati.com,Female,117.128.103.71
132,Yasmin,Rosengarten,yrosengarten3n@google.co.uk,Genderqueer,124.100.41.132
133,Delbert,McVicker,dmcvicker3o@imdb.com,Male,254.245.230.219
134,Wendy,Britzius,wbritzius3p@homestead.com,Female,128.184.199.42
135,Maureen,Skoggins,mskoggins3q@icq.com,Female,129.90.32.239
136,Elia,Balcock,ebalcock3r@youku.com,Male,102.5.163.66
137,Hillel,Comettoi,hcomettoi3s@twitter.com,Male,114.174.137.128
138,Gerardo,Ebbings,gebbings3t@hugedomains.com,Male,229.50.75.29
139,Wat,Wyness,wwyness3u@vistaprint.com,Male,65.183.194.144
140,Giustino,Buey,gbuey3v@seesaa.net,Male,15.12.102.220
141,Barbara-anne,Sheron,bsheron3w@usgs.gov,Bigender,36.240.3.193
142,Kimberlyn,Wrotham,kwrotham3x@wisc.edu,Female,157.111.16.55
143,Leola,Giovannini,lgiovannini3y@netlog.com,Female,184.230.31.111
144,Man,Caramuscia,mcaramuscia3z@npr.org,Polygender,32.53.31.144
145,Felecia,Lethieulier,flethieulier40@stanford.edu,Female,236.2.116.216
146,Lethia,Giacopini,lgiacopini41@sina.com.cn,Female,244.10.49.27
147,Enrica,Quiddihy,equiddihy42@yellowbook.com,Female,87.198.31.129
148,Cynthie,Cale,ccale43@hao123.com,Female,85.31.109.32
149,Cecilio,Le Breton De La Vieuville,clebretondelavieuville44@drupal.org,Male,232.226.37.130
150,Willard,Manilove,wmanilove45@stumbleupon.com,Male,227.158.87.173
151,Yard,Hansod,yhansod46@addthis.com,Male,90.16.26.8
152,Malva,Darwood,mdarwood47@webs.com,Female,106.160.42.119
153,Alford,Littell,alittell48@whitehouse.gov,Male,74.69.60.244
154,Valery,Hannabus,vhannabus49@princeton.edu,Female,26.158.103.19
155,Cullan,Laidler,claidler4a@com.com,Male,51.116.112.54
156,Glenn,Danton,gdanton4b@de.vu,Genderqueer,196.135.180.78
157,Delcina,Callard,dcallard4c@moonfruit.com,Female,58.174.150.195
158,Kirsteni,Tennison,ktennison4d@wired.com,Female,121.113.232.225
159,Noble,Mattedi,nmattedi4e@scientificamerican.com,Male,175.39.8.58
160,Kipp,McCrann,kmccrann4f@posterous.com,Male,202.137.19.53
161,Corey,Bloss,cbloss4g@buzzfeed.com,Male,237.166.243.115
162,Vasili,Hurl,vhurl4h@illinois.edu,Male,61.202.58.144
163,Garth,Frears,gfrears4i@plala.or.jp,Male,146.26.183.237
164,Perkin,Skeen,pskeen4j@mac.com,Male,237.170.95.174
165,Merrili,McKew,mmckew4k@cpanel.net,Female,132.4.62.49
166,Zilvia,Maylard,zmaylard4l@yelp.com,Female,151.195.175.132
167,Jean,Yvens,jyvens4m@berkeley.edu,Non-binary,226.106.183.65
168,Cad,Rishman,crishman4n@dedecms.com,Male,177.198.153.17
169,Trina,Tailour,ttailour4o@mashable.com,Female,16.102.80.236
170,Ad,Looby,alooby4p@nba.com,Genderqueer,51.93.163.233
171,Kikelia,Barwise,kbarwise4q@nyu.edu,Female,174.162.45.92
172,Yorke,Kevern,ykevern4r@archive.org,Male,51.47.192.141
173,Egor,Schimann,eschimann4s@symantec.com,Male,24.231.193.29
174,Brook,MacUchadair,bmacuchadair4t@unblog.fr,Male,96.28.254.40
175,Francesco,Ciotto,fciotto4u@arstechnica.com,Male,133.204.56.173
176,Lesya,Suttle,lsuttle4v@bandcamp.com,Female,37.85.17.203
177,Lambert,Hugland,lhugland4w@soup.io,Male,61.183.165.7
178,Byram,Billiard,bbilliard4x@dot.gov,Male,54.175.244.126
179,Glen,Grube,ggrube4y@mail.ru,Male,204.163.231.191
180,Yorgo,Joyner,yjoyner4z@a8.net,Male,116.168.163.80
181,Dilly,Woodger,dwoodger50@time.com,Male,73.64.104.4
182,Hurley,Matusov,hmatusov51@a8.net,Polygender,149.159.119.18
183,Rakel,Paolicchi,rpaolicchi52@ustream.tv,Female,248.59.118.249
184,Jacques,Mearns,jmearns53@addthis.com,Male,58.60.94.2
185,Kylen,Quarterman,kquarterman54@cbslocal.com,Female,218.64.222.179
186,Huey,Dollar,hdollar55@moonfruit.com,Male,40.107.14.205
187,Carroll,Olczyk,colczyk56@dedecms.com,Non-binary,80.137.59.212
188,Ashlen,Humberston,ahumberston57@edublogs.org,Female,109.28.198.152
189,Roarke,Bennett,rbennett58@jugem.jp,Male,127.250.190.213
190,Electra,Grayling,egrayling59@ycombinator.com,Bigender,91.88.1.34
191,Lois,Clinkard,lclinkard5a@google.com.hk,Non-binary,195.234.33.51
192,Ally,Calf,acalf5b@earthlink.net,Female,118.98.64.0
193,Zane,Maharg,zmaharg5c@phpbb.com,Male,174.4.141.198
194,Levin,Ansty,lansty5d@ovh.net,Genderfluid,14.126.121.112
195,Guglielma,Bruckental,gbruckental5e@dell.com,Female,50.193.182.8
196,Reyna,Parsall,rparsall5f@bigcartel.com,Female,0.37.163.81
197,Boony,Staddon,bstaddon5g@domainmarket.com,Male,226.129.248.93
198,Giffard,Laying,glaying5h@tamu.edu,Male,253.43.194.176
199,Raye,Trubshaw,rtrubshaw5i@w3.org,Female,61.80.43.248
200,Roley,Bransby,rbransby5j@telegraph.co.uk,Male,32.116.134.191
201,Bing,Ulster,bulster5k@cdc.gov,Male,210.50.212.166
202,Alon,Ingliss,aingliss5l@nature.com,Male,193.47.152.96
203,Robin,Feasby,rfeasby5m@thetimes.co.uk,Female,200.154.236.90
204,Kristo,Frankes,kfrankes5n@amazon.co.uk,Polygender,226.2.101.53
205,Beniamino,Ninnoli,bninnoli5o@odnoklassniki.ru,Male,14.53.126.235
206,Toby,McDavitt,tmcdavitt5p@apache.org,Agender,63.249.94.19
207,Harli,Di Filippo,hdifilippo5q@geocities.com,Female,85.230.172.226
208,Guillemette,Geraudy,ggeraudy5r@gmpg.org,Female,174.19.187.36
209,Waite,Hucke,whucke5s@google.cn,Male,197.221.163.96
210,Dacy,McCloughlin,dmccloughlin5t@yolasite.com,Bigender,73.76.253.93
211,Jaymie,Hanselmann,jhanselmann5u@github.io,Male,132.150.246.67
212,Yalonda,MacDearmaid,ymacdearmaid5v@gnu.org,Female,231.246.123.212
213,Audrie,Drayson,adrayson5w@tiny.cc,Female,117.81.210.202
214,Clark,Hendricks,chendricks5x@netlog.com,Male,87.58.229.205
215,Sophey,Strotton,sstrotton5y@angelfire.com,Female,7.168.199.77
216,Ceil,Seabrooke,cseabrooke5z@alexa.com,Female,225.117.186.253
217,Annabela,Jockle,ajockle60@adobe.com,Genderfluid,209.205.68.210
218,Reynard,Isaacs,risaacs61@icq.com,Male,33.131.9.116
219,Ethelda,Abrahamoff,eabrahamoff62@redcross.org,Bigender,198.231.126.246
220,Alejandra,Best,abest63@canalblog.com,Female,15.96.75.20
221,Inesita,Jerdein,ijerdein64@trellian.com,Female,66.60.18.245
222,Orelie,Keary,okeary65@vimeo.com,Female,195.152.98.78
223,Gina,Doumic,gdoumic66@fastcompany.com,Female,68.86.136.153
224,Rois,Godbolt,rgodbolt67@squarespace.com,Female,112.96.177.95
225,Elyssa,Craw,ecraw68@ocn.ne.jp,Female,92.197.38.235
226,Jenni,Witherington,jwitherington69@gnu.org,Female,188.226.197.204
227,Elisabet,Geharke,egeharke6a@meetup.com,Female,233.95.64.182
228,Isak,Pendrich,ipendrich6b@cnbc.com,Male,146.160.78.184
229,Had,Mealham,hmealham6c@google.it,Male,12.143.114.4
230,Wendell,Gedney,wgedney6d@abc.net.au,Male,13.175.102.152
231,Gwenneth,Moat,gmoat6e@mlb.com,Bigender,4.180.91.97
232,Donal,Aronstein,daronstein6f@digg.com,Genderqueer,26.142.193.142
233,Tedra,Beedle,tbeedle6g@businessinsider.com,Female,218.16.134.51
234,Raquel,Willcot,rwillcot6h@blinklist.com,Female,215.145.23.232
235,Penni,Absolom,pabsolom6i@dagondesign.com,Female,164.40.185.150
236,Constantino,Giovanardi,cgiovanardi6j@fastcompany.com,Male,116.238.185.154
237,Caroljean,Kinane,ckinane6k@reverbnation.com,Female,33.215.9.237
238,Faulkner,Morse,fmorse6l@123-reg.co.uk,Male,140.222.218.246
239,Sallee,Dow,sdow6m@businessweek.com,Female,149.59.239.255
240,Daven,Blasik,dblasik6n@sciencedaily.com,Male,186.137.232.148
241,Maje,Flaxman,mflaxman6o@webmd.com,Male,229.122.85.136
242,Garwood,Kolodziejski,gkolodziejski6p@ebay.co.uk,Male,210.213.199.189
243,Tillie,Dobson,tdobson6q@biglobe.ne.jp,Female,180.38.57.81
244,Eloisa,Gange,egange6r@webs.com,Female,34.130.162.194
245,Aurore,Golding,agolding6s@google.co.jp,Female,212.45.154.17
246,Levi,Gasnell,lgasnell6t@japanpost.jp,Male,107.141.238.12
247,Alec,Rops,arops6u@businessinsider.com,Polygender,72.197.69.157
248,Kellen,Rosterne,krosterne6v@mail.ru,Female,0.9.63.248
249,Nicol,Colkett,ncolkett6w@flavors.me,Male,188.218.204.253
250,Sarene,Crocroft,scrocroft6x@fda.gov,Female,134.164.62.155
251,Rodolfo,Scampion,rscampion6y@pinterest.com,Male,206.215.27.157
252,Toni,Betton,tbetton6z@jugem.jp,Female,212.99.147.87
253,Warden,Gately,wgately70@yahoo.com,Male,164.31.233.138
254,Sarena,Reddlesden,sreddlesden71@independent.co.uk,Female,99.137.91.235
255,Anthea,Revans,arevans72@bbc.co.uk,Female,148.184.239.93
256,Jolene,Beany,jbeany73@gnu.org,Female,143.200.10.55
257,Joya,Wandrich,jwandrich74@shareasale.com,Female,160.190.214.153
258,Damiano,Blenkiron,dblenkiron75@economist.com,Male,62.197.104.187
259,Dianna,McGill,dmcgill76@tripod.com,Female,195.78.242.75
260,Doug,Patmore,dpatmore77@unc.edu,Male,119.27.236.116
261,Erik,Kloss,ekloss78@sfgate.com,Male,94.33.220.119
262,Clarey,Dunleavy,cdunleavy79@dell.com,Female,2.121.23.151
263,Kathleen,Chatelain,kchatelain7a@home.pl,Female,123.222.124.76
264,Marius,Sherlock,msherlock7b@weather.com,Male,214.111.56.73
265,Minerva,Eary,meary7c@drupal.org,Female,202.132.49.147
266,Langston,Kid,lkid7d@qq.com,Male,58.24.179.139
267,Perry,Strauss,pstrauss7e@wp.com,Male,14.26.130.157
268,Michele,Landall,mlandall7f@mit.edu,Male,85.55.62.104
269,Linette,Tuberfield,ltuberfield7g@goodreads.com,Female,76.34.83.97
270,Menard,Laffranconi,mlaffranconi7h@blogs.com,Male,185.126.59.10
271,Robinet,Menat,rmenat7i@vistaprint.com,Bigender,68.102.133.2
272,Banky,Frankling,bfrankling7j@storify.com,Male,196.105.182.192
273,Lemmy,Fazackerley,lfazackerley7k@cdc.gov,Male,63.1.132.163
274,Lizette,Dewicke,ldewicke7l@about.com,Female,117.191.167.62
275,Laraine,Scroxton,lscroxton7m@telegraph.co.uk,Female,51.56.103.153
276,Celeste,Halden,chalden7n@nsw.gov.au,Female,152.0.89.80
277,Gradey,Inkin,ginkin7o@prlog.org,Male,89.252.104.10
278,Clerissa,Shoulders,cshoulders7p@theatlantic.com,Non-binary,6.105.200.226
279,Isiahi,Bastock,ibastock7q@a8.net,Genderqueer,74.131.54.158
280,Dorolisa,Genese,dgenese7r@quantcast.com,Female,15.65.133.212
281,Timmi,Stife,tstife7s@ustream.tv,Female,10.17.247.56
282,Hammad,Dunlop,hdunlop7t@purevolume.com,Male,227.16.3.223
283,Merrie,Groucock,mgroucock7u@omniture.com,Female,86.103.156.76
284,Sheppard,Lichtfoth,slichtfoth7v@howstuffworks.com,Male,220.184.3.130
285,Kim,Matisoff,kmatisoff7w@latimes.com,Female,249.119.180.179
286,Marmaduke,Bufton,mbufton7x@whitehouse.gov,Male,167.165.231.101
287,Bunny,Belle,bbelle7y@virginia.edu,Female,12.99.12.242
288,Rosette,Ianetti,rianetti7z@alexa.com,Genderfluid,100.34.81.189
289,Muhammad,Chritchley,mchritchley80@google.it,Male,41.63.125.230
290,Milly,Kilfeather,mkilfeather81@goodreads.com,Female,80.85.126.245
291,Gerta,Shields,gshields82@netvibes.com,Female,80.174.150.15
292,Ralf,Bale,rbale83@utexas.edu,Male,43.219.198.139
293,Orlando,Gethyn,ogethyn84@google.de,Male,165.105.68.89
294,Lucio,Mackney,lmackney85@stanford.edu,Male,251.180.211.128
295,Mallory,Gitthouse,mgitthouse86@bigcartel.com,Female,44.243.129.96
296,Wilmar,Gorick,wgorick87@cam.ac.uk,Polygender,15.239.166.104
297,Walliw,Catherall,wcatherall88@surveymonkey.com,Female,60.145.8.52
298,Orsa,Moverley,omoverley89@abc.net.au,Female,232.209.231.2
299,Johnathan,Wardhaw,jwardhaw8a@uiuc.edu,Male,229.245.35.181
300,Garik,Maine,gmaine8b@yelp.com,Male,255.200.70.153
301,Jannelle,Liddle,jliddle8c@unesco.org,Female,11.251.96.170
302,Matilde,Follis,mfollis8d@ebay.co.uk,Female,178.195.136.154
303,Kaleb,Moralis,kmoralis8e@vimeo.com,Male,94.54.157.71
304,Lauren,Cobbold,lcobbold8f@lulu.com,Male,199.0.252.244
305,Shell,Aubin,saubin8g@mit.edu,Female,21.29.24.215
306,Jecho,Lescop,jlescop8h@uiuc.edu,Male,5.68.190.178
307,Ettie,Chester,echester8i@dailymotion.com,Female,221.204.43.110
308,Aloin,Mould,amould8j@taobao.com,Agender,152.214.136.192
309,Patty,Calderon,pcalderon8k@fotki.com,Female,194.146.134.39
310,Gardner,Archbold,garchbold8l@simplemachines.org,Male,40.51.34.226
311,Saundra,Whitmore,swhitmore8m@marketwatch.com,Male,6.193.147.42
312,Em,McBean,emcbean8n@elegantthemes.com,Female,81.166.168.65
313,Kaine,Le-Good,klegood8o@tinypic.com,Male,104.166.139.5
314,Kinsley,Easter,keaster8p@surveymonkey.com,Male,229.40.109.190
315,Bail,Cardon,bcardon8q@livejournal.com,Male,77.107.102.146
316,Lyn,Cheetam,lcheetam8r@goo.ne.jp,Agender,195.232.182.249
317,Thornton,Scolli,tscolli8s@walmart.com,Male,194.135.220.215
318,Eddie,Bremen,ebremen8t@tiny.cc,Female,66.115.86.95
319,Horatio,Saffer,hsaffer8u@army.mil,Male,27.156.198.119
320,Munroe,Huws,mhuws8v@howstuffworks.com,Male,4.138.52.95
321,Janeen,Muston,jmuston8w@w3.org,Female,132.109.125.116
322,Michell,Nisius,mnisius8x@yelp.com,Female,198.172.116.219
323,Rene,Heathwood,rheathwood8y@mit.edu,Female,158.145.244.212
324,Gardiner,Zannolli,gzannolli8z@techcrunch.com,Male,151.79.3.136
325,Doy,Simonitto,dsimonitto90@npr.org,Male,233.235.250.178
326,Ianthe,Milbourne,imilbourne91@nature.com,Genderfluid,151.87.50.243
327,Ryann,Hempshall,rhempshall92@delicious.com,Female,14.111.247.179
328,Breanne,Hrycek,bhrycek93@techcrunch.com,Female,115.53.168.179
329,Emery,Hedger,ehedger94@opensource.org,Male,219.249.16.74
330,Jessee,Gillani,jgillani95@apache.org,Male,118.240.6.59
331,Tonnie,Izacenko,tizacenko96@netlog.com,Male,7.216.170.35
332,Vivianna,Barhem,vbarhem97@weebly.com,Genderfluid,243.20.244.206
333,Sander,Olive,solive98@people.com.cn,Male,242.217.90.73
334,Dorena,Peacocke,dpeacocke99@imgur.com,Female,10.73.25.187
335,Giacopo,McDonough,gmcdonough9a@businessinsider.com,Male,198.49.221.103
336,Fredi,Allbones,fallbones9b@prweb.com,Female,247.182.56.221
337,Janina,Paige,jpaige9c@wikipedia.org,Female,43.143.122.68
338,Dur,Guillem,dguillem9d@sakura.ne.jp,Male,185.127.151.146
339,Simeon,De Goey,sdegoey9e@ifeng.com,Male,9.241.114.199
340,Margaux,Nunn,mnunn9f@vistaprint.com,Female,196.208.192.170
341,Jodie,McGougan,jmcgougan9g@nytimes.com,Female,223.231.54.250
342,Arman,Heaker,aheaker9h@wikipedia.org,Male,84.10.42.24
343,Curran,Reedie,creedie9i@ehow.com,Male,22.252.31.89
344,Gabbie,Roscher,groscher9j@paypal.com,Male,76.195.30.151
345,Riannon,Franzolini,rfranzolini9k@ucoz.ru,Female,128.181.182.247
346,Nikki,Cattach,ncattach9l@github.com,Female,141.250.125.251
347,Obediah,Need,oneed9m@e-recht24.de,Non-binary,111.100.179.147
348,Howie,Lynes,hlynes9n@foxnews.com,Male,86.139.171.6
349,Seth,Ladbrook,sladbrook9o@discuz.net,Male,156.147.20.243
350,Patty,McCluin,pmccluin9p@cpanel.net,Male,228.214.194.228
351,Marcille,Whitewood,mwhitewood9q@hugedomains.com,Female,150.19.233.127
352,Giffie,Prandoni,gprandoni9r@unesco.org,Bigender,148.58.13.101
353,Welby,Keyzman,wkeyzman9s@vkontakte.ru,Male,14.10.0.237
354,Loretta,Overy,lovery9t@jimdo.com,Female,181.1.245.93
355,Jeanelle,von Nassau,jvonnassau9u@lulu.com,Female,122.190.65.15
356,Boote,Caroli,bcaroli9v@wp.com,Male,81.185.180.82
357,Eugenie,Frosch,efrosch9w@fema.gov,Female,180.4.221.223
358,Berny,Cockson,bcockson9x@typepad.com,Male,72.93.67.17
359,Jorrie,Dimitrescu,jdimitrescu9y@pinterest.com,Genderfluid,212.2.6.28
360,Hester,Paradis,hparadis9z@photobucket.com,Female,149.89.180.91
361,Aimee,Clemett,aclemetta0@domainmarket.com,Female,143.239.198.136
362,Syman,Ilieve,silievea1@seesaa.net,Non-binary,119.140.228.183
363,Sybil,Snar,ssnara2@businessweek.com,Female,154.169.68.166
364,Eliza,Rappa,erappaa3@rediff.com,Female,221.146.139.189
365,Aila,Pietranek,apietraneka4@prnewswire.com,Female,249.76.138.177
366,Sargent,Brewin,sbrewina5@slate.com,Male,231.187.13.219
367,Simonne,Noyes,snoyesa6@lycos.com,Female,143.226.32.226
368,Annabela,Mullis,amullisa7@imdb.com,Female,115.2.115.202
369,Inger,Curedale,icuredalea8@blog.com,Male,250.85.164.245
370,Gabbie,McCrohon,gmccrohona9@etsy.com,Female,93.103.234.221
371,Arabelle,Kinson,akinsonaa@nyu.edu,Female,122.84.215.22
372,Murdoch,Supple,msuppleab@ucla.edu,Male,24.42.231.40
373,Valenka,Wandless,vwandlessac@unc.edu,Female,96.11.210.6
374,Ricki,Vasyukhichev,rvasyukhichevad@ow.ly,Male,199.4.74.61
375,Bailey,Bloodworthe,bbloodwortheae@e-recht24.de,Male,198.112.219.249
376,Conny,Hazard,chazardaf@cisco.com,Male,143.21.225.172
377,Cassie,Cucinotta,ccucinottaag@dion.ne.jp,Male,90.6.23.239
378,Ross,Jewiss,rjewissah@youku.com,Male,104.77.157.181
379,Boyce,Barock,bbarockai@freewebs.com,Male,141.202.138.148
380,Waverley,Gillooly,wgilloolyaj@tripod.com,Male,84.224.60.172
381,Dasya,Tockell,dtockellak@harvard.edu,Female,73.106.44.11
382,Sander,Mitchelmore,smitchelmoreal@hibu.com,Agender,234.0.65.71
383,Sherline,De Cleen,sdecleenam@wunderground.com,Female,18.102.12.247
384,Janot,Floris,jflorisan@multiply.com,Female,150.105.168.122
385,Brittani,Squeers,bsqueersao@yellowpages.com,Female,126.243.148.184
386,Hoebart,Blonden,hblondenap@blogs.com,Male,252.185.80.181
387,Shermie,Gresham,sgreshamaq@netscape.com,Male,170.95.137.238
388,Mason,McDell,mmcdellar@msn.com,Male,178.10.54.124
389,Carolan,O'Curran,cocurranas@icio.us,Female,164.140.237.115
390,Katee,Petche,kpetcheat@tinypic.com,Female,254.87.208.185
391,Faulkner,Comoletti,fcomolettiau@economist.com,Male,92.172.200.83
392,Jerald,Gannan,jgannanav@hostgator.com,Male,73.137.70.94
393,Darrick,Gheerhaert,dgheerhaertaw@t.co,Male,252.195.99.237
394,Felic,Jephcott,fjephcottax@bing.com,Male,86.60.232.136
395,Hermione,Leverington,hleveringtonay@wiley.com,Female,96.0.31.53
396,Dale,Akess,dakessaz@ocn.ne.jp,Female,231.94.151.200
397,Melisse,Magor,mmagorb0@nydailynews.com,Bigender,156.240.212.216
398,Abra,Noni,anonib1@nationalgeographic.com,Female,37.40.237.81
399,Renie,Dimitrov,rdimitrovb2@psu.edu,Female,161.26.98.0
400,Kai,Hasely,khaselyb3@umn.edu,Female,81.240.55.100
401,Townie,Tait,ttaitb4@naver.com,Male,161.85.15.0
402,Devondra,Bilborough,dbilboroughb5@oracle.com,Female,91.219.95.213
403,Jory,Banasik,jbanasikb6@networkadvertising.org,Male,23.230.248.108
404,Law,Stear,lstearb7@foxnews.com,Male,123.32.11.105
405,Rodrigo,Howitt,rhowittb8@4shared.com,Male,167.11.224.18
406,Ranice,Fehners,rfehnersb9@pen.io,Female,162.245.188.87
407,Dacia,Whapham,dwhaphamba@privacy.gov.au,Female,33.14.194.40
408,Slade,Booy,sbooybb@irs.gov,Male,1.163.248.119
409,Starlene,Sallan,ssallanbc@51.la,Female,113.2.88.80
410,Cordi,Purseglove,cpurseglovebd@t-online.de,Female,53.216.36.62
411,Arluene,Limprecht,alimprechtbe@a8.net,Female,241.30.95.127
412,Robenia,Galsworthy,rgalsworthybf@washington.edu,Female,96.201.130.238
413,Wernher,Raoul,wraoulbg@columbia.edu,Male,5.161.121.77
414,Ezechiel,Kinnear,ekinnearbh@devhub.com,Non-binary,170.151.90.178
415,Claresta,Strugnell,cstrugnellbi@sun.com,Female,102.1.142.138
416,Shelley,Towndrow,stowndrowbj@hatena.ne.jp,Male,37.99.216.117
417,Jenine,Durram,jdurrambk@1688.com,Female,248.94.137.222
418,Emelita,Duffy,eduffybl@hc360.com,Female,93.155.222.27
419,Jean,Heddan,jheddanbm@histats.com,Male,1.46.125.78
420,Frieda,Corris,fcorrisbn@baidu.com,Female,83.216.117.208
421,Arda,Linsley,alinsleybo@sina.com.cn,Female,243.176.4.99
422,Melodie,Fegan,mfeganbp@cbsnews.com,Female,68.41.76.10
423,Correna,Hatherleigh,chatherleighbq@examiner.com,Genderfluid,183.210.81.5
424,Pen,Rogge,proggebr@ft.com,Female,77.241.65.102
425,Brandyn,Barstowk,bbarstowkbs@yahoo.com,Male,196.113.230.195
426,Tybalt,Sertin,tsertinbt@ihg.com,Male,79.186.209.184
427,Parsifal,Bramble,pbramblebu@blog.com,Male,160.81.221.162
428,Hilly,Tivenan,htivenanbv@tiny.cc,Male,232.139.105.195
429,Dennie,Leahair,dleahairbw@1688.com,Polygender,8.111.55.36
430,Micky,Fairholme,mfairholmebx@craigslist.org,Male,26.166.212.179
431,Ardella,Morsom,amorsomby@economist.com,Female,132.220.23.104
432,Kristy,Willmett,kwillmettbz@slideshare.net,Female,132.148.141.228
433,Mateo,Guitte,mguittec0@vkontakte.ru,Male,0.16.193.50
434,Dale,Berrygun,dberrygunc1@uol.com.br,Male,31.203.222.179
435,Greggory,Stockau,gstockauc2@topsy.com,Male,209.60.148.96
436,Eleen,Oliver,eoliverc3@xinhuanet.com,Female,72.61.85.19
437,Napoleon,Aronstein,naronsteinc4@pbs.org,Male,227.184.24.147
438,Gram,Jaram,gjaramc5@instagram.com,Male,108.189.10.246
439,Jerad,Gibling,jgiblingc6@usa.gov,Male,40.143.179.128
440,Vanya,Pulbrook,vpulbrookc7@salon.com,Male,242.91.89.28
441,Jillana,Wolfart,jwolfartc8@ebay.com,Female,132.30.143.50
442,Tiffany,McKimmie,tmckimmiec9@indiegogo.com,Female,69.31.164.20
443,Archibald,Druhan,adruhanca@yellowbook.com,Male,234.84.59.206
444,Gearard,Flucker,gfluckercb@edublogs.org,Male,49.239.254.7
445,Rees,Bukowski,rbukowskicc@mac.com,Male,43.157.133.75
446,Gardiner,Tewkesbury.,gtewkesburycd@lulu.com,Male,192.178.110.241
447,Cristina,Musker,cmuskerce@mayoclinic.com,Female,205.188.178.94
448,Krispin,Bogaert,kbogaertcf@disqus.com,Male,108.208.129.180
449,Amelie,Spaice,aspaicecg@ebay.co.uk,Female,129.18.113.22
450,Carrissa,Harrod,charrodch@xrea.com,Female,167.88.47.185
451,Avie,Norcross,anorcrossci@google.pl,Female,21.75.221.118
452,Abby,Coverlyn,acoverlyncj@dyndns.org,Female,186.88.99.62
453,Gwyneth,Birdsall,gbirdsallck@slashdot.org,Female,168.91.108.152
454,Melinde,Shotboult,mshotboultcl@tinyurl.com,Female,99.239.157.124
455,Tadio,Rentilll,trentilllcm@oakley.com,Male,86.237.20.207
456,Damian,Bridden,dbriddencn@theguardian.com,Male,53.222.154.222
457,Baryram,Dobby,bdobbyco@de.vu,Male,211.155.31.197
458,Devi,Phillip,dphillipcp@msn.com,Female,13.59.93.233
459,Atlanta,Cornfoot,acornfootcq@craigslist.org,Female,156.139.250.35
460,Davon,Cuttle,dcuttlecr@chronoengine.com,Male,225.165.110.137
461,Rosaline,Maccrae,rmaccraecs@slashdot.org,Female,149.68.104.28
462,Charin,Burkert,cburkertct@jimdo.com,Genderfluid,170.173.80.7
463,Eada,Bonnaire,ebonnairecu@youku.com,Female,228.65.102.171
464,Olly,Gentle,ogentlecv@hostgator.com,Male,146.190.217.218
465,Lorrayne,Shingles,lshinglescw@foxnews.com,Genderfluid,226.195.169.21
466,Hedda,Belden,hbeldencx@acquirethisname.com,Bigender,66.160.116.42
467,Hannis,Prudham,hprudhamcy@ucla.edu,Female,174.165.247.124
468,Doretta,Dorman,ddormancz@github.com,Female,158.76.251.85
469,Marlane,Buckland,mbucklandd0@springer.com,Female,41.122.228.96
470,Jermaine,Salvadore,jsalvadored1@apache.org,Male,208.254.236.25
471,Kile,Blasl,kblasld2@psu.edu,Male,20.245.171.144
472,Eudora,Lutsch,elutschd3@ft.com,Female,34.116.47.193
473,Pauli,Bette,pbetted4@arstechnica.com,Female,180.116.164.153
474,Sari,Ewestace,sewestaced5@harvard.edu,Female,173.243.30.178
475,Christan,Denacamp,cdenacampd6@sakura.ne.jp,Female,77.36.213.193
476,Rodolph,Baselio,rbaseliod7@amazon.co.uk,Genderfluid,214.22.111.125
477,Walker,Scantlebury,wscantleburyd8@reference.com,Male,33.83.77.107
478,Rheta,Davern,rdavernd9@quantcast.com,Female,233.128.214.193
479,Jayme,Shapland,jshaplandda@google.ca,Male,66.142.175.126
480,Katinka,Veale,kvealedb@ezinearticles.com,Female,171.59.79.11
481,Malynda,McCahill,mmccahilldc@taobao.com,Female,96.14.65.188
482,Rhett,Broodes,rbroodesdd@nyu.edu,Male,48.113.93.93
483,Edik,Yesichev,eyesichevde@liveinternet.ru,Male,116.8.138.117
484,Jeno,Woollhead,jwoollheaddf@flavors.me,Non-binary,216.55.139.60
485,Aloin,Craufurd,acraufurddg@storify.com,Male,50.116.23.238
486,Benoite,De Micoli,bdemicolidh@mapy.cz,Female,222.55.222.227
487,Ethelbert,Nannoni,enannonidi@eepurl.com,Male,246.6.165.73
488,Magdalena,Gun,mgundj@hubpages.com,Female,180.9.222.6
489,Felice,Glassford,fglassforddk@illinois.edu,Genderfluid,250.54.139.107
490,Barnard,Argue,barguedl@unblog.fr,Male,236.11.43.3
491,Dory,Vivian,dviviandm@networkadvertising.org,Male,54.229.226.70
492,Kele,Christol,kchristoldn@mysql.com,Agender,42.223.10.195
493,Ainslee,Gilvary,agilvarydo@ycombinator.com,Agender,229.235.205.58
494,Myrle,Bosden,mbosdendp@yale.edu,Female,126.150.177.16
495,Ana,Meletti,amelettidq@mashable.com,Female,137.94.129.209
496,Frankie,Vallerine,fvallerinedr@deviantart.com,Female,220.178.229.34
497,Kennie,Strothers,kstrothersds@arstechnica.com,Male,65.42.192.191
498,Cassie,MacDearmont,cmacdearmontdt@uol.com.br,Female,191.9.138.3
499,Joice,Riggs,jriggsdu@yahoo.com,Female,193.86.209.134
500,Kinny,Slark,kslarkdv@simplemachines.org,Male,228.215.83.67
501,Petey,Gosselin,pgosselindw@google.cn,Male,216.176.92.79
502,Emma,Cane,ecanedx@google.de,Female,240.193.212.214
503,Cristie,Cotty,ccottydy@mlb.com,Agender,26.132.69.120
504,Yasmeen,Rowler,yrowlerdz@dedecms.com,Female,88.203.184.221
505,Janice,Maginn,jmaginne0@wordpress.com,Female,129.128.244.111
506,Kliment,Jedrys,kjedryse1@disqus.com,Genderfluid,248.59.155.113
507,Filia,Drew,fdrewe2@addtoany.com,Polygender,46.198.66.79
508,Fee,Mardlin,fmardline3@jiathis.com,Male,173.169.118.14
509,Thurston,Gronaver,tgronavere4@dailymotion.com,Male,225.166.36.94
510,Arlana,Summerill,asummerille5@smugmug.com,Female,48.38.186.127
511,Kathy,Dayton,kdaytone6@senate.gov,Female,89.245.11.197
512,Mackenzie,Metzke,mmetzkee7@wufoo.com,Male,1.174.98.184
513,Moishe,Newcom,mnewcome8@yolasite.com,Male,70.134.45.148
514,Teressa,Cammidge,tcammidgee9@opensource.org,Female,154.117.104.140
515,Nolly,Carson,ncarsonea@tripadvisor.com,Male,109.114.231.32
516,Jessy,Jura,jjuraeb@mozilla.org,Female,230.90.12.148
517,Quinn,DeSousa,qdesousaec@japanpost.jp,Male,211.128.79.53
518,Vida,Johanning,vjohanninged@ihg.com,Non-binary,55.171.11.32
519,Isidora,Danhel,idanhelee@google.de,Female,160.50.245.231
520,Chloris,McCallister,cmccallisteref@elegantthemes.com,Female,129.218.193.166
521,Shandie,De Mattia,sdemattiaeg@parallels.com,Female,76.147.69.20
522,Averill,Lingfoot,alingfooteh@si.edu,Male,178.123.29.147
523,Chev,Hinsch,chinschei@hostgator.com,Male,2.124.138.59
524,Quintana,Conklin,qconklinej@ezinearticles.com,Female,68.25.20.24
525,Kary,Duplain,kduplainek@businessweek.com,Female,55.48.217.32
526,Osmund,Petrelli,opetrelliel@npr.org,Male,9.114.92.58
527,Ammamaria,Bedenham,abedenhamem@home.pl,Female,147.13.223.178
528,Corinna,Valentino,cvalentinoen@homestead.com,Female,15.15.231.184
529,Raf,Ludgate,rludgateeo@dagondesign.com,Female,73.95.157.16
530,Ronald,Melton,rmeltonep@netlog.com,Male,107.106.234.64
531,Millie,Valsler,mvalslereq@google.co.jp,Female,38.57.28.23
532,Ashien,Brim,abrimer@vkontakte.ru,Female,179.213.91.106
533,Salome,Bruckmann,sbruckmannes@globo.com,Female,252.3.65.170
534,Marcus,Dossetter,mdossetteret@oracle.com,Male,34.4.159.43
535,Ossie,Peaurt,opeaurteu@ebay.co.uk,Male,160.202.2.84
536,Sharlene,Unwins,sunwinsev@weibo.com,Female,83.197.157.216
537,Belle,Ranscombe,branscombeew@domainmarket.com,Female,182.154.109.213
538,Bria,Tween,btweenex@wp.com,Female,123.121.74.234
539,Sollie,Nieass,snieassey@redcross.org,Male,143.27.105.210
540,Bear,Sinyard,bsinyardez@pbs.org,Male,227.213.193.8
541,Jereme,Rosell,jrosellf0@ucoz.com,Male,233.123.49.164
542,Timoteo,Barling,tbarlingf1@flavors.me,Male,146.162.82.249
543,Dierdre,Pascoe,dpascoef2@freewebs.com,Bigender,156.108.76.13
544,Brandea,Arunowicz,barunowiczf3@amazon.com,Female,177.117.48.207
545,Bern,McDonogh,bmcdonoghf4@livejournal.com,Male,160.41.73.209
546,Englebert,Gerrey,egerreyf5@histats.com,Male,138.219.144.166
547,Eolanda,Cornall,ecornallf6@ow.ly,Female,44.53.148.157
548,Audrey,Newling,anewlingf7@vk.com,Female,93.186.17.100
549,Corena,Midghall,cmidghallf8@patch.com,Agender,22.113.33.217
550,Andy,Canby,acanbyf9@ezinearticles.com,Male,16.86.58.56
551,Barri,Dyter,bdyterfa@eventbrite.com,Genderqueer,200.205.100.167
552,Clementine,Staley,cstaleyfb@nhs.uk,Female,113.17.93.240
553,Erskine,Geeve,egeevefc@hugedomains.com,Male,254.148.125.78
554,Bibbye,Eadington,beadingtonfd@skyrock.com,Female,0.161.46.247
555,Thorn,O' Hanvey,tohanveyfe@opensource.org,Male,102.40.136.216
556,Arlen,Cruttenden,acruttendenff@wordpress.com,Male,141.5.121.27
557,Lindi,Russi,lrussifg@sfgate.com,Female,185.129.15.16
558,Tremain,Willison,twillisonfh@pen.io,Male,169.188.2.97
559,Deeyn,Rouke,droukefi@dell.com,Female,133.60.109.211
560,Lind,Rebillard,lrebillardfj@trellian.com,Female,188.149.91.48
561,Shawna,Copnall,scopnallfk@smh.com.au,Female,145.61.113.14
562,Grata,Lupton,gluptonfl@umn.edu,Female,210.178.117.138
563,Odelle,Gathercole,ogathercolefm@samsung.com,Genderfluid,59.58.247.89
564,Glenine,Tiltman,gtiltmanfn@bloglovin.com,Female,97.134.131.79
565,Tiffanie,Goldes,tgoldesfo@sogou.com,Female,119.93.158.210
566,Towney,Cockaday,tcockadayfp@weibo.com,Agender,87.9.204.148
567,Ely,McGilvary,emcgilvaryfq@rediff.com,Male,245.73.136.249
568,Noreen,Drydale,ndrydalefr@hc360.com,Bigender,112.18.227.221
569,Ashley,Randle,arandlefs@forbes.com,Female,133.156.102.56
570,Brietta,Tidcomb,btidcombft@army.mil,Female,65.230.140.31
571,Rolf,Mokes,rmokesfu@alexa.com,Male,181.63.58.220
572,Sebastiano,Ewbanck,sewbanckfv@home.pl,Male,98.194.250.26
573,Tobe,Tummond,ttummondfw@jiathis.com,Female,102.192.220.215
574,Dukie,Meffin,dmeffinfx@yelp.com,Male,146.174.48.21
575,Lorine,Dallon,ldallonfy@networksolutions.com,Female,148.147.160.63
576,Mellie,Etherton,methertonfz@cnbc.com,Female,210.71.119.47
577,Phebe,Minguet,pminguetg0@examiner.com,Female,234.1.41.101
578,Erinn,Rawlcliffe,erawlcliffeg1@prlog.org,Female,62.68.198.152
579,Jaclin,MacNulty,jmacnultyg2@i2i.jp,Female,142.112.25.130
580,Darryl,Dobinson,ddobinsong3@discuz.net,Male,81.115.98.232
581,Andrea,Ellgood,aellgoodg4@opera.com,Female,125.229.166.180
582,Vaughn,Pabelik,vpabelikg5@gnu.org,Male,120.20.61.116
583,Julianna,McCorry,jmccorryg6@de.vu,Genderqueer,168.234.72.212
584,Charley,Powdrell,cpowdrellg7@yolasite.com,Male,54.191.191.181
585,Tildie,Chantree,tchantreeg8@google.nl,Female,25.127.23.44
586,Corie,Gell,cgellg9@uiuc.edu,Female,20.93.202.120
587,Homer,Dwyer,hdwyerga@patch.com,Male,220.125.115.223
588,Gay,Gallop,ggallopgb@prlog.org,Female,176.170.137.96
589,Elyn,Ribou,eribougc@wordpress.org,Non-binary,203.147.30.81
590,Fanni,Robberecht,frobberechtgd@boston.com,Female,148.38.19.218
591,Gayla,Jeayes,gjeayesge@xrea.com,Female,198.177.213.79
592,Gerta,Christofle,gchristoflegf@ovh.net,Female,6.143.68.45
593,Katina,Steptoe,ksteptoegg@booking.com,Female,135.75.46.13
594,Killie,Alastair,kalastairgh@biblegateway.com,Male,147.228.98.172
595,Tammie,Antonomoli,tantonomoligi@nsw.gov.au,Female,134.115.93.202
596,Loren,Wedderburn,lwedderburngj@wikimedia.org,Female,174.6.10.240
597,Claresta,Nyssens,cnyssensgk@over-blog.com,Female,175.223.161.140
598,Putnem,Clemoes,pclemoesgl@guardian.co.uk,Male,156.200.127.115
599,Krispin,Tompkins,ktompkinsgm@opensource.org,Male,184.101.212.255
600,Wake,Petrello,wpetrellogn@telegraph.co.uk,Male,112.140.109.62
601,Agosto,Ricardou,aricardougo@upenn.edu,Male,175.183.247.151
602,Augustine,Bickerdike,abickerdikegp@jimdo.com,Female,156.59.98.9
603,Thedric,Bawden,tbawdengq@xrea.com,Male,194.180.175.82
604,Drucie,Chappelow,dchappelowgr@apple.com,Female,18.217.212.227
605,Tamara,Willisch,twillischgs@friendfeed.com,Genderqueer,237.76.55.30
606,Basil,Tranfield,btranfieldgt@angelfire.com,Male,122.157.102.153
607,Shanon,Copeland,scopelandgu@fc2.com,Female,137.62.136.130
608,Danya,Allenson,dallensongv@bbb.org,Genderfluid,235.183.65.254
609,Maia,Deluca,mdelucagw@elegantthemes.com,Female,244.139.248.46
610,Grethel,Rieger,griegergx@buzzfeed.com,Female,65.247.161.4
611,Elvis,Brixey,ebrixeygy@mediafire.com,Male,126.144.80.159
612,Tatiana,Broseke,tbrosekegz@dedecms.com,Female,248.228.172.28
613,William,Nekrews,wnekrewsh0@gravatar.com,Male,249.215.42.248
614,Brett,Conachy,bconachyh1@msn.com,Male,198.217.86.150
615,Cyrill,Trineman,ctrinemanh2@spiegel.de,Male,217.206.217.111
616,Augusto,Garrat,agarrath3@ox.ac.uk,Male,136.102.135.217
617,Emanuel,Rusbridge,erusbridgeh4@cnbc.com,Bigender,66.242.156.48
618,Orsa,Babb,obabbh5@shinystat.com,Female,57.191.89.228
619,Addie,Gwillyam,agwillyamh6@tiny.cc,Male,140.173.125.205
620,Burtie,Kivlin,bkivlinh7@google.it,Male,34.148.141.128
621,Meier,Nickolls,mnickollsh8@yolasite.com,Male,146.39.254.206
622,Gunter,Binnell,gbinnellh9@google.com,Male,79.174.132.61
623,Ronnie,Wardingly,rwardinglyha@hibu.com,Male,91.204.68.3
624,Clair,Alejandro,calejandrohb@goodreads.com,Male,25.34.102.172
625,Dael,Plumley,dplumleyhc@soup.io,Genderfluid,253.91.108.154
626,Dayna,Milleton,dmilletonhd@php.net,Female,62.103.137.24
627,Esme,Choudhury,echoudhuryhe@blinklist.com,Female,180.21.157.39
628,Gustaf,Davinet,gdavinethf@opera.com,Male,24.113.83.17
629,Warren,Rajchert,wrajcherthg@newyorker.com,Male,145.152.137.203
630,Artemas,Faulks,afaulkshh@wunderground.com,Male,222.61.47.255
631,Davidde,Dyneley,ddyneleyhi@gmpg.org,Male,77.143.211.199
632,Duky,Witherington,dwitheringtonhj@123-reg.co.uk,Male,76.68.22.236
633,Claude,Antoniat,cantoniathk@google.de,Female,7.143.142.227
634,Nick,Berresford,nberresfordhl@dailymail.co.uk,Male,163.156.96.195
635,Marne,Crossfeld,mcrossfeldhm@nature.com,Female,87.194.55.59
636,Halie,Ales,haleshn@reddit.com,Female,153.156.133.4
637,Evelyn,Croker,ecrokerho@comsenz.com,Male,147.39.179.198
638,Cassie,Sciusscietto,csciussciettohp@moonfruit.com,Male,87.87.190.237
639,Reeta,Edworthie,redworthiehq@tripod.com,Female,1.176.23.102
640,Leonora,Kelner,lkelnerhr@goo.gl,Female,133.92.84.187
641,Maggie,Whartonby,mwhartonbyhs@yelp.com,Female,164.58.113.127
642,Maurie,Middell,mmiddellht@google.com.hk,Male,160.122.245.234
643,Bartel,Coyle,bcoylehu@pcworld.com,Male,4.46.192.211
644,Jennine,Dumphreys,jdumphreyshv@123-reg.co.uk,Female,123.2.145.221
645,Frannie,Tilliards,ftilliardshw@desdev.cn,Female,65.126.232.8
646,Darrin,Abramowitch,dabramowitchhx@bizjournals.com,Male,18.217.93.175
647,Tris,Pearlman,tpearlmanhy@taobao.com,Male,206.127.4.158
648,Arlyne,Davenport,adavenporthz@facebook.com,Agender,193.90.21.61
649,Jolynn,Forri,jforrii0@digg.com,Agender,101.184.84.177
650,Shela,Giovannoni,sgiovannonii1@google.pl,Genderfluid,40.205.234.102
651,Monti,Muckersie,mmuckersiei2@sciencedirect.com,Male,44.186.124.79
652,Dom,Beedie,dbeediei3@eventbrite.com,Male,69.187.101.77
653,Eunice,Kilday,ekildayi4@bloomberg.com,Female,73.43.113.56
654,Meredeth,Ilbert,milberti5@barnesandnoble.com,Polygender,171.225.61.222
655,Kevan,Staff,kstaffi6@globo.com,Male,107.250.181.183
656,Glenn,Stuehmeier,gstuehmeieri7@cnbc.com,Female,125.176.194.128
657,Cynde,Pellington,cpellingtoni8@who.int,Female,13.89.226.64
658,Melisent,Carrol,mcarroli9@vkontakte.ru,Female,242.16.94.134
659,Dorie,Went,dwentia@blogtalkradio.com,Male,21.233.56.254
660,Leta,Culwen,lculwenib@cmu.edu,Female,172.218.196.181
661,Celia,Henrot,chenrotic@tinypic.com,Female,159.175.200.114
662,Di,Lies,dliesid@ifeng.com,Female,57.32.255.205
663,Alexandra,Simioli,asimioliie@accuweather.com,Female,219.214.59.124
664,Sydney,Billison,sbillisonif@comsenz.com,Male,20.208.22.139
665,Gabe,Booeln,gbooelnig@google.co.uk,Male,222.59.37.165
666,Midge,Servant,mservantih@google.pl,Female,231.80.39.86
667,Humberto,Muff,hmuffii@cpanel.net,Non-binary,154.15.238.177
668,Ann,Blitz,ablitzij@springer.com,Female,240.126.112.231
669,Farra,Daws,fdawsik@icio.us,Female,10.14.248.236
670,Lonny,Swiffan,lswiffanil@cargocollective.com,Male,155.149.104.76
671,Georgianna,McMenamin,gmcmenaminim@accuweather.com,Female,220.96.38.16
672,Vanna,Wipfler,vwipflerin@livejournal.com,Female,115.57.107.142
673,Julissa,Roglieri,jroglieriio@barnesandnoble.com,Female,94.75.38.91
674,Krishnah,Dami,kdamiip@parallels.com,Male,78.63.186.61
675,Honor,Ingon,hingoniq@cornell.edu,Female,16.218.243.249
676,Coleman,Mackin,cmackinir@linkedin.com,Male,126.116.255.223
677,Daniella,Pischoff,dpischoffis@dailymotion.com,Genderqueer,233.107.70.203
678,Arman,Poolton,apooltonit@latimes.com,Male,137.94.157.7
679,Wake,Bunworth,wbunworthiu@com.com,Male,169.176.222.2
680,Viviyan,Gribbon,vgribboniv@youtube.com,Female,51.138.195.252
681,Jeff,Nijs,jnijsiw@ibm.com,Agender,207.208.75.212
682,Madelina,Feares,mfearesix@unc.edu,Female,173.199.42.43
683,Monica,Goodredge,mgoodredgeiy@xrea.com,Bigender,156.168.192.178
684,Bryon,Sheehy,bsheehyiz@flavors.me,Male,149.173.125.216
685,Jamie,Chessum,jchessumj0@theglobeandmail.com,Female,163.74.55.166
686,Lyndell,Fowgies,lfowgiesj1@twitpic.com,Female,77.22.198.213
687,Gayle,Scrowby,gscrowbyj2@twitpic.com,Male,189.137.235.160
688,Tanny,Roony,troonyj3@discovery.com,Agender,47.146.0.106
689,Saleem,Coker,scokerj4@adobe.com,Male,59.84.211.66
690,Brooke,Haygreen,bhaygreenj5@shop-pro.jp,Male,181.10.239.185
691,Athena,Ivashintsov,aivashintsovj6@paypal.com,Female,146.203.240.114
692,Casie,Morigan,cmoriganj7@nba.com,Female,87.36.242.223
693,Erastus,Wyllie,ewylliej8@columbia.edu,Male,195.52.37.180
694,Margalit,Heys,mheysj9@cnet.com,Female,132.126.36.66
695,Walt,Marfe,wmarfeja@cbslocal.com,Male,75.13.148.157
696,Coraline,Perroni,cperronijb@biblegateway.com,Female,93.48.208.225
697,Arvin,Skillett,askillettjc@google.es,Male,166.60.137.207
698,Berke,Childerhouse,bchilderhousejd@disqus.com,Male,175.165.195.137
699,Waly,Tarquini,wtarquinije@360.cn,Female,108.135.78.123
700,Dominik,Branford,dbranfordjf@weebly.com,Male,83.246.73.98
701,Theresa,McReidy,tmcreidyjg@cbc.ca,Female,202.81.210.228
702,Stinky,Chittie,schittiejh@adobe.com,Male,27.191.216.31
703,Carol-jean,Bucklee,cbuckleeji@com.com,Female,138.54.101.71
704,Sean,Poulsum,spoulsumjj@taobao.com,Male,112.97.120.166
705,Rawley,Goodison,rgoodisonjk@google.it,Male,37.51.207.74
706,Brnaby,Penberthy,bpenberthyjl@deliciousdays.com,Male,136.54.97.90
707,Lancelot,Bromehead,lbromeheadjm@google.com.br,Male,247.67.56.51
708,Levon,Matthius,lmatthiusjn@chron.com,Male,63.111.202.165
709,Dallis,Bagnell,dbagnelljo@mashable.com,Male,253.72.42.219
710,Perl,Chesher,pchesherjp@live.com,Agender,150.174.159.111
711,Chloette,Duffer,cdufferjq@msu.edu,Female,108.59.74.158
712,Kaleena,Colin,kcolinjr@yolasite.com,Female,54.20.161.238
713,Veronica,Backhurst,vbackhurstjs@joomla.org,Female,0.193.133.195
714,Coreen,Gummer,cgummerjt@jiathis.com,Polygender,243.112.139.197
715,Ailyn,Filip,afilipju@ehow.com,Female,185.255.70.103
716,Anastassia,Kiehl,akiehljv@cnet.com,Genderqueer,174.137.193.13
717,Ashby,Hurlestone,ahurlestonejw@independent.co.uk,Non-binary,18.215.45.136
718,Maryellen,Koppes,mkoppesjx@princeton.edu,Female,198.146.76.103
719,Hill,Dulinty,hdulintyjy@chicagotribune.com,Male,127.97.217.109
720,Leonora,Trussman,ltrussmanjz@timesonline.co.uk,Female,154.118.69.90
721,Regen,Balducci,rbalduccik0@globo.com,Male,116.122.230.226
722,Titus,Spehr,tspehrk1@w3.org,Polygender,106.172.72.137
723,Nicolina,Colbron,ncolbronk2@washington.edu,Female,98.213.180.186
724,Freeland,Geeves,fgeevesk3@bizjournals.com,Genderqueer,116.205.12.51
725,Amandy,Coombes,acoombesk4@ehow.com,Female,138.2.167.213
726,Bunnie,Mitkcov,bmitkcovk5@rakuten.co.jp,Genderfluid,155.115.87.201
727,Derk,Berrisford,dberrisfordk6@google.pl,Male,139.67.224.57
728,Brod,Lofting,bloftingk7@webeden.co.uk,Male,170.250.117.7
729,Marcy,Bremeyer,mbremeyerk8@cdc.gov,Female,82.179.231.42
730,Brand,Onslow,bonslowk9@shutterfly.com,Male,115.87.148.149
731,Tommy,Le Claire,tleclaireka@soundcloud.com,Male,8.68.235.3
732,Amanda,Lunnon,alunnonkb@w3.org,Female,42.15.20.118
733,Mac,Bartoszewski,mbartoszewskikc@un.org,Male,221.25.26.15
734,Nomi,Meynell,nmeynellkd@abc.net.au,Female,104.146.217.166
735,Ardith,Giraldon,agiraldonke@dedecms.com,Female,131.207.115.197
736,Binny,Jancy,bjancykf@bbc.co.uk,Female,102.175.81.44
737,Donavon,Moar,dmoarkg@chronoengine.com,Male,161.228.193.144
738,Samuele,Burchell,sburchellkh@ebay.com,Male,96.19.84.223
739,Tine,Tompkin,ttompkinki@opensource.org,Female,170.47.62.186
740,Leland,Blackboro,lblackborokj@nymag.com,Genderfluid,214.246.167.230
741,Truman,Hughland,thughlandkk@va.gov,Male,20.225.205.141
742,Krisha,Karpfen,kkarpfenkl@github.io,Male,224.63.136.1
743,Alika,Tarquinio,atarquiniokm@deviantart.com,Female,35.146.34.130
744,Randell,Laydel,rlaydelkn@gravatar.com,Non-binary,113.25.35.37
745,Frazier,Hancke,fhanckeko@sphinn.com,Male,199.193.217.49
746,Sara,Labrum,slabrumkp@amazon.co.uk,Genderqueer,140.223.98.16
747,Arvie,Hurling,ahurlingkq@angelfire.com,Male,129.199.43.19
748,Paige,McGloin,pmcgloinkr@deviantart.com,Bigender,85.180.88.176
749,Fletcher,Koppke,fkoppkeks@eepurl.com,Male,54.42.230.168
750,Bettina,Emons,bemonskt@geocities.com,Agender,47.68.148.43
751,Natalee,Drabble,ndrabbleku@uol.com.br,Female,34.191.105.99
752,Franz,Prier,fprierkv@toplist.cz,Male,218.53.172.226
753,Rickert,Hembry,rhembrykw@wisc.edu,Male,109.237.111.222
754,Lura,Heavyside,lheavysidekx@163.com,Polygender,41.181.128.111
755,Arv,Brokenshire,abrokenshireky@storify.com,Male,196.209.118.173
756,Chiarra,Priditt,cpridittkz@ameblo.jp,Female,114.36.155.213
757,Tamiko,Senton,tsentonl0@techcrunch.com,Female,245.83.187.22
758,Raf,Burden,rburdenl1@addtoany.com,Female,73.81.108.144
759,Ally,Toolan,atoolanl2@examiner.com,Female,122.14.63.111
760,Truda,Stepto,tsteptol3@cam.ac.uk,Female,178.171.52.161
761,Cleveland,Kisting,ckistingl4@51.la,Male,118.210.117.189
762,Liv,Klimke,lklimkel5@slashdot.org,Female,65.117.147.208
763,Terri,Symper,tsymperl6@opera.com,Male,238.123.114.109
764,Rosemary,Peskin,rpeskinl7@dion.ne.jp,Female,18.30.232.120
765,Ambrosio,Carsey,acarseyl8@chron.com,Male,152.71.74.188
766,Effie,Rhule,erhulel9@live.com,Female,159.227.90.143
767,Demetris,Jojic,djojicla@aboutads.info,Male,176.188.169.152
768,Carissa,Filtness,cfiltnesslb@taobao.com,Female,169.226.0.95
769,Mada,Dodworth,mdodworthlc@dion.ne.jp,Female,194.45.171.242
770,Eugene,Lodford,elodfordld@artisteer.com,Male,207.44.227.143
771,Antin,Whittier,awhittierle@woothemes.com,Male,113.177.171.37
772,Hayyim,Troillet,htroilletlf@slideshare.net,Male,132.30.88.164
773,Jamill,Dulin,jdulinlg@mysql.com,Male,254.168.168.2
774,Chick,Gulley,cgulleylh@google.es,Male,194.92.127.211
775,Sandye,Fynn,sfynnli@pinterest.com,Female,217.35.13.202
776,Dominga,Winters,dwinterslj@scientificamerican.com,Female,40.133.143.138
777,Shelley,Fontes,sfonteslk@google.ca,Male,154.148.126.200
778,Nevins,Le - Count,nlecountll@ask.com,Non-binary,197.91.60.109
779,Lida,Eastby,leastbylm@trellian.com,Female,158.252.103.17
780,Daren,Gregorin,dgregorinln@independent.co.uk,Male,215.63.132.103
781,Dorrie,Foulis,dfoulislo@posterous.com,Female,66.254.119.164
782,Aleen,Rowet,arowetlp@cornell.edu,Female,163.198.70.225
783,Cathy,Delacourt,cdelacourtlq@yandex.ru,Female,74.148.169.214
784,Dale,Oats,doatslr@freewebs.com,Female,222.155.121.196
785,Brien,Trewhela,btrewhelals@buzzfeed.com,Male,58.205.108.14
786,Otis,Warbey,owarbeylt@ycombinator.com,Male,34.152.70.247
787,Pepillo,Mish,pmishlu@gizmodo.com,Male,3.109.241.180
788,Leupold,Kitchenham,lkitchenhamlv@seattletimes.com,Bigender,80.159.11.95
789,Brandice,Arkill,barkilllw@whitehouse.gov,Female,236.6.129.33
790,Hart,Pevsner,hpevsnerlx@canalblog.com,Male,125.14.74.68
791,Trent,Lavallin,tlavallinly@instagram.com,Male,179.177.240.80
792,Kip,Korous,kkorouslz@instagram.com,Female,215.190.145.46
793,Tess,Mc Dermid,tmcdermidm0@microsoft.com,Female,219.24.232.119
794,Sapphire,Franchyonok,sfranchyonokm1@sun.com,Female,225.39.202.62
795,Renault,Iacovolo,riacovolom2@godaddy.com,Male,44.73.230.241
796,Hendrik,Petkens,hpetkensm3@whitehouse.gov,Male,95.22.162.110
797,Fanni,Beverage,fbeveragem4@gizmodo.com,Genderfluid,52.203.148.225
798,Shaun,Symcox,ssymcoxm5@amazon.com,Male,249.128.170.183
799,Nertie,O' Bee,nobeem6@nbcnews.com,Female,158.94.173.17
800,Jessie,Micklem,jmicklemm7@chronoengine.com,Male,17.146.184.196
801,Alecia,MacDearmaid,amacdearmaidm8@jimdo.com,Female,165.117.78.152
802,Pamela,Rawdales,prawdalesm9@hexun.com,Female,212.229.46.55
803,Giorgia,Crossthwaite,gcrossthwaitema@statcounter.com,Female,82.169.83.82
804,Donnell,Seeviour,dseeviourmb@simplemachines.org,Male,122.162.76.152
805,Jayson,Kidson,jkidsonmc@ed.gov,Male,228.166.42.176
806,Deeyn,Feldberg,dfeldbergmd@mediafire.com,Female,14.4.202.201
807,Malva,Tulloch,mtullochme@yelp.com,Genderqueer,53.87.61.210
808,Rochette,De Ruggero,rderuggeromf@senate.gov,Female,17.225.116.82
809,Celeste,Gambell,cgambellmg@microsoft.com,Female,155.101.26.111
810,Hugues,Gatherer,hgatherermh@biblegateway.com,Agender,224.246.215.23
811,Dollie,Perrie,dperriemi@multiply.com,Female,242.27.161.140
812,Willey,Luxton,wluxtonmj@mit.edu,Male,141.245.157.213
813,Robert,Alenichicov,ralenichicovmk@abc.net.au,Male,166.226.212.148
814,Ripley,Worsam,rworsamml@europa.eu,Male,197.201.155.72
815,Lockwood,Wank,lwankmm@reverbnation.com,Male,15.166.244.148
816,Susanne,Vassbender,svassbendermn@wisc.edu,Female,29.157.48.226
817,Nappie,Worden,nwordenmo@ocn.ne.jp,Male,152.104.81.138
818,Eldredge,Ruggles,erugglesmp@comcast.net,Male,224.21.170.208
819,Zerk,Whifen,zwhifenmq@lulu.com,Male,133.4.54.152
820,Sibyl,Batistelli,sbatistellimr@usa.gov,Male,1.69.58.28
821,Agnola,Benton,abentonms@ow.ly,Female,104.222.17.41
822,Ara,Avon,aavonmt@skype.com,Male,159.118.175.244
823,Geoff,Bezants,gbezantsmu@miitbeian.gov.cn,Male,42.9.14.99
824,Mersey,Giacomozzo,mgiacomozzomv@rambler.ru,Female,75.233.34.70
825,Stafani,Reynard,sreynardmw@blog.com,Female,173.195.16.0
826,Huberto,Lory,hlorymx@altervista.org,Male,65.178.236.83
827,Brody,Pilkinton,bpilkintonmy@prlog.org,Polygender,132.150.228.5
828,Armstrong,Byrom,abyrommz@uiuc.edu,Genderfluid,136.132.215.20
829,Bobine,Ellif,bellifn0@statcounter.com,Female,26.78.175.69
830,Jesselyn,Penticoot,jpenticootn1@slate.com,Female,69.56.11.44
831,Bonnibelle,Edeler,bedelern2@admin.ch,Female,107.84.82.66
832,Husein,Mutton,hmuttonn3@ted.com,Male,54.125.39.121
833,Jeremias,Fishleigh,jfishleighn4@cisco.com,Agender,45.250.78.175
834,Eliot,McGhie,emcghien5@foxnews.com,Male,197.119.80.69
835,Slade,Broadbridge,sbroadbridgen6@youku.com,Male,3.238.242.87
836,Ted,Castano,tcastanon7@a8.net,Male,87.135.97.36
837,Phylis,Cops,pcopsn8@guardian.co.uk,Female,72.4.6.76
838,Walt,Gallop,wgallopn9@discovery.com,Male,113.158.21.19
839,Price,Witter,pwitterna@wikispaces.com,Male,110.71.239.224
840,Freddi,Britt,fbrittnb@i2i.jp,Female,21.188.150.184
841,Caleb,Spoward,cspowardnc@angelfire.com,Male,150.152.185.242
842,Sandro,Medina,smedinand@blogger.com,Male,200.165.150.182
843,Vaughan,Iskov,viskovne@alibaba.com,Male,123.97.168.154
844,Berrie,Ortiger,bortigernf@stumbleupon.com,Female,154.162.8.222
845,Veradis,Triplet,vtripletng@bing.com,Female,156.116.254.74
846,Fran,Miche,fmichenh@360.cn,Male,38.146.239.161
847,Saul,Doggett,sdoggettni@ucoz.com,Male,107.221.87.113
848,Felizio,Briars,fbriarsnj@answers.com,Male,226.54.84.9
849,Sara-ann,Timpany,stimpanynk@jiathis.com,Female,134.170.70.242
850,Daryl,McFadzean,dmcfadzeannl@cbsnews.com,Male,72.3.82.134
851,Derry,Folke,dfolkenm@mozilla.com,Male,199.94.90.237
852,Robin,Coulbeck,rcoulbecknn@tiny.cc,Non-binary,228.44.227.66
853,Josy,Brownstein,jbrownsteinno@ucoz.com,Female,151.39.79.96
854,Nicoli,Gheeorghie,ngheeorghienp@angelfire.com,Female,134.12.209.123
855,Ichabod,Collin,icollinnq@berkeley.edu,Male,251.31.221.24
856,Rochell,Weeds,rweedsnr@scientificamerican.com,Non-binary,55.225.30.106
857,Teodoor,Winspire,twinspirens@geocities.jp,Male,122.86.68.194
858,Karoly,Gonoude,kgonoudent@mayoclinic.com,Male,191.36.100.168
859,Ingeberg,McCane,imccanenu@chicagotribune.com,Female,33.120.169.89
860,Eleonore,Farrey,efarreynv@bloglines.com,Female,176.173.162.10
861,Jeniffer,Langelay,jlangelaynw@omniture.com,Female,85.83.155.79
862,Kalie,Ghione,kghionenx@un.org,Female,145.113.58.103
863,Charles,Gonzalvo,cgonzalvony@cornell.edu,Male,132.112.143.215
864,Gabey,Wagner,gwagnernz@scribd.com,Female,121.250.46.95
865,Vaughan,Goldthorp,vgoldthorpo0@ovh.net,Male,229.33.233.151
866,Harcourt,Chalk,hchalko1@google.com,Male,134.67.56.43
867,Tersina,Ivanyukov,tivanyukovo2@canalblog.com,Female,234.57.37.81
868,Lorie,Thewlis,lthewliso3@ifeng.com,Female,108.197.7.89
869,Alejandrina,Korfmann,akorfmanno4@theguardian.com,Female,153.169.192.113
870,Moritz,Keeves,mkeeveso5@mashable.com,Male,151.224.28.58
871,Cristin,Carberry,ccarberryo6@discuz.net,Female,176.98.65.102
872,Hetty,Wooddisse,hwooddisseo7@fastcompany.com,Female,105.248.69.53
873,Myrna,Fierro,mfierroo8@businessweek.com,Female,78.136.110.41
874,Peterus,Mollin,pmollino9@csmonitor.com,Male,52.180.96.12
875,Eamon,Trewman,etrewmanoa@bbb.org,Male,105.189.18.167
876,Gennifer,Dench,gdenchob@hud.gov,Female,229.204.220.10
877,Josie,Olsen,jolsenoc@printfriendly.com,Female,3.74.164.235
878,Thea,Giovannacc@i,tgiovannacciod@mashable.com,Female,7.45.184.138
879,Madelin,Callendar,mcallendaroe@tripadvisor.com,Female,73.180.0.205
880,Ulysses,Woodruffe,uwoodruffeof@admin.ch,Polygender,16.227.146.111
881,Rinaldo,Sigfrid,rsigfridog@e-recht24.de,Male,137.75.28.21
882,Barb,Bloys,bbloysoh@list-manage.com,Bigender,69.135.248.70
883,Phillip,Kohen,pkohenoi@wikipedia.org,Agender,44.90.118.237
884,Patin,Gaylor,pgayloroj@tripadvisor.com,Male,201.237.72.42
885,Fulton,Leask,fleaskok@mac.com,Male,35.34.104.20
886,Kendall,Wolstencroft,kwolstencroftol@spotify.com,Male,235.208.103.183
887,Evangelina,Heinecke,eheineckeom@yale.edu,Female,32.222.22.135
888,Eb,Stoak,estoakon@icq.com,Male,177.130.1.50
889,Pepe,Ferre,pferreoo@ftc.gov,Male,222.142.224.252
890,Jack,McMylor,jmcmylorop@xrea.com,Male,62.21.237.111
891,Anne,Maylin,amaylinoq@gmpg.org,Female,71.136.128.151
892,Kelby,Twidell,ktwidellor@simplemachines.org,Male,155.253.15.236
893,Lewie,Santacrole,lsantacroleos@sina.com.cn,Genderfluid,188.158.45.91
894,Erina,Halden,ehaldenot@virginia.edu,Non-binary,64.180.67.120
895,Leigha,Shippey,lshippeyou@cafepress.com,Female,19.139.215.202
896,Dorothea,Trott,dtrottov@wsj.com,Female,176.159.26.111
897,Irwinn,Wishkar,iwishkarow@ft.com,Polygender,27.229.131.61
898,Ab,Janu,ajanuox@github.com,Male,67.149.158.122
899,Cobbie,Andover,candoveroy@twitter.com,Male,20.71.147.144
900,Colas,Hardey,chardeyoz@zimbio.com,Male,206.111.35.0
901,Wyn,Goade,wgoadep0@is.gd,Male,13.37.107.227
902,Robin,Cubbinelli,rcubbinellip1@state.gov,Male,170.51.140.123
903,Caritta,Heberden,cheberdenp2@tumblr.com,Female,228.175.87.51
904,Toinette,Gauden,tgaudenp3@gravatar.com,Female,58.195.51.160
905,Faith,Beaver,fbeaverp4@ca.gov,Female,128.206.28.122
906,Imelda,Costard,icostardp5@i2i.jp,Female,171.121.147.202
907,Vern,Balmadier,vbalmadierp6@yolasite.com,Male,240.169.13.254
908,Paloma,Ockleshaw,pockleshawp7@nifty.com,Genderfluid,197.2.143.11
909,Rudolf,Westby,rwestbyp8@patch.com,Male,61.105.133.39
910,Marv,Monday,mmondayp9@booking.com,Male,6.133.243.209
911,Addia,Waldocke,awaldockepa@symantec.com,Non-binary,86.194.151.233
912,Anstice,Verdun,averdunpb@europa.eu,Female,42.4.194.13
913,Cherrita,Diviny,cdivinypc@cnet.com,Female,234.148.68.8
914,Natty,Trase,ntrasepd@ebay.co.uk,Genderqueer,211.232.213.224
915,Toiboid,Brim,tbrimpe@epa.gov,Male,122.97.204.43
916,Guillermo,Chartres,gchartrespf@geocities.com,Male,71.204.123.27
917,Doretta,McSporrin,dmcsporrinpg@odnoklassniki.ru,Female,204.17.228.148
918,Arda,Marti,amartiph@youku.com,Female,119.92.228.104
919,Ulrika,Grishmanov,ugrishmanovpi@bbb.org,Female,182.100.219.136
920,Ailey,Sutcliff,asutcliffpj@yale.edu,Female,47.107.40.118
921,Rudiger,Cheney,rcheneypk@dagondesign.com,Male,190.79.152.91
922,Townie,Probyn,tprobynpl@wunderground.com,Male,209.231.169.51
923,Spenser,Cowwell,scowwellpm@huffingtonpost.com,Male,212.23.34.9
924,Erin,Dwyr,edwyrpn@businesswire.com,Female,143.2.246.164
925,Regina,Wahncke,rwahnckepo@geocities.com,Female,128.239.242.131
926,Kenton,Yeatman,kyeatmanpp@ask.com,Male,205.178.95.52
927,Gisele,McChesney,gmcchesneypq@hugedomains.com,Female,21.62.153.57
928,Hammad,Meach,hmeachpr@java.com,Male,138.70.33.53
929,Mortie,Keatley,mkeatleyps@ameblo.jp,Male,218.191.201.88
930,Barrie,Double,bdoublept@artisteer.com,Agender,200.140.115.52
931,Inga,Zuker,izukerpu@soundcloud.com,Female,82.15.107.221
932,Carmelita,Graveney,cgraveneypv@prlog.org,Female,144.227.18.159
933,Margery,Akers,makerspw@homestead.com,Female,66.69.83.60
934,Elva,Lauderdale,elauderdalepx@newyorker.com,Female,80.181.251.218
935,Travus,Gounot,tgounotpy@posterous.com,Male,4.11.251.192
936,Dana,Barnsdale,dbarnsdalepz@princeton.edu,Genderqueer,132.194.183.202
937,Rossy,Aucock,raucockq0@edublogs.org,Male,48.93.191.158
938,Zack,Treagust,ztreagustq1@pinterest.com,Male,254.213.214.14
939,Dacie,Golds,dgoldsq2@storify.com,Genderfluid,136.54.41.219
940,Raimondo,Paramor,rparamorq3@nifty.com,Male,37.162.165.172
941,Elnore,Titterell,etitterellq4@nps.gov,Female,0.64.230.152
942,Sky,Pinnock,spinnockq5@imdb.com,Male,246.33.212.66
943,Almeria,Latchmore,alatchmoreq6@addtoany.com,Polygender,163.123.101.226
944,Wenonah,Iglesia,wiglesiaq7@engadget.com,Female,165.231.145.56
945,Neila,Tire,ntireq8@msu.edu,Female,103.236.181.11
946,Helaine,Balderson,hbaldersonq9@arizona.edu,Female,49.223.27.242
947,Baldwin,McKeever,bmckeeverqa@cloudflare.com,Male,167.250.212.44
948,Abrahan,Zambon,azambonqb@google.co.uk,Genderfluid,122.248.22.120
949,Stu,Cottage,scottageqc@mapy.cz,Male,38.180.217.52
950,Lucine,Giaomozzo,lgiaomozzoqd@yandex.ru,Female,223.158.169.140
951,Freddi,Burberry,fburberryqe@nyu.edu,Female,26.186.177.157
952,Myrilla,Lodin,mlodinqf@people.com.cn,Female,23.151.2.243
953,Juliana,Maryska,jmaryskaqg@bloglovin.com,Female,222.101.21.241
954,Debbie,Dudden,dduddenqh@macromedia.com,Female,216.119.184.47
955,Ronny,Aloshikin,raloshikinqi@slideshare.net,Male,255.123.103.58
956,Rocky,Khomich,rkhomichqj@weebly.com,Male,212.189.185.84
957,Tabby,Callery,tcalleryqk@ed.gov,Female,200.14.167.133
958,Ermin,Blankett,eblankettql@creativecommons.org,Male,151.246.30.70
959,Delora,McGorley,dmcgorleyqm@instagram.com,Female,57.19.93.83
960,Chaim,Breddy,cbreddyqn@digg.com,Male,69.37.69.14
961,Maurita,De la Yglesia,mdelayglesiaqo@theguardian.com,Female,150.80.169.155
962,Luther,Ponter,lponterqp@so-net.ne.jp,Male,183.111.160.91
963,Blondy,Adlem,badlemqq@last.fm,Female,219.81.214.240
964,Dalton,Riccio,driccioqr@lycos.com,Male,175.97.103.84
965,Hazel,Shiril,hshirilqs@blogspot.com,Male,166.88.14.78
966,Susana,Garbar,sgarbarqt@google.cn,Female,87.47.187.92
967,Cordey,Gilardone,cgilardonequ@timesonline.co.uk,Non-binary,5.44.129.157
968,Emmalynne,Osgerby,eosgerbyqv@virginia.edu,Female,238.57.231.37
969,Kaye,Cowley,kcowleyqw@indiatimes.com,Female,31.226.178.189
970,Ernst,Knotton,eknottonqx@macromedia.com,Male,17.104.253.26
971,Holt,Pasfield,hpasfieldqy@discuz.net,Male,18.209.197.205
972,Bessie,Melanaphy,bmelanaphyqz@squarespace.com,Non-binary,91.34.6.191
973,Celina,Wileman,cwilemanr0@cdbaby.com,Female,58.86.216.240
974,Perry,Gilpillan,pgilpillanr1@bluehost.com,Male,125.160.81.27
975,Ozzy,Bestwick,obestwickr2@netscape.com,Male,143.209.200.65
976,Augustus,Dearell,adearellr3@vk.com,Genderfluid,247.129.73.108
977,Doug,Cruden,dcrudenr4@wp.com,Male,253.122.157.37
978,Dael,Canero,dcaneror5@hao123.com,Male,24.227.224.200
979,Khalil,Mauser,kmauserr6@examiner.com,Male,28.111.221.233
980,Aguistin,Pinson,apinsonr7@tamu.edu,Male,118.131.46.184
981,Nancey,Coltman,ncoltmanr8@google.ca,Female,24.50.64.47
982,Zara,Norway,znorwayr9@washingtonpost.com,Female,189.194.182.33
983,Shandra,Rex,srexra@kickstarter.com,Polygender,244.36.199.229
984,Carlin,Challenor,cchallenorrb@seesaa.net,Male,165.51.187.90
985,Lydia,Maffucci,lmaffuccirc@ning.com,Female,187.160.230.82
986,Verene,Feuell,vfeuellrd@google.com.hk,Female,249.59.90.31
987,Percival,Gravener,pgravenerre@imgur.com,Male,115.145.14.162
988,Mal,Lott,mlottrf@unesco.org,Male,159.162.241.226
989,Pancho,Huggen,phuggenrg@pinterest.com,Male,119.150.118.225
990,Sonni,Tayt,staytrh@gov.uk,Female,20.140.21.102
991,Michael,Twaite,mtwaiteri@google.com.br,Male,51.27.84.92
992,Demetri,Kitley,dkitleyrj@prnewswire.com,Male,250.228.75.18
993,Parrnell,Whitley,pwhitleyrk@webmd.com,Male,225.242.102.50
994,Lianna,Spacey,lspaceyrl@bloglines.com,Genderfluid,137.34.108.62
995,Rowland,Finden,rfindenrm@ameblo.jp,Male,139.133.161.246
996,Hunfredo,Giannazzi,hgiannazzirn@prlog.org,Male,155.86.98.116
997,Cristobal,Blodget,cblodgetro@cpanel.net,Male,231.32.136.126
998,Mildrid,Badam,mbadamrp@chicagotribune.com,Female,15.26.74.240
999,Kimmi,Drinkwater,kdrinkwaterrq@geocities.com,Female,133.10.4.238
1000,Ortensia,Rolstone,orolstonerr@imdb.com,Bigender,46.218.124.31
